STATION_ID,STATION_NAME,LATITUDE,LONGITUDE,STATION_TYPE,REFERENCES,SOIL_TYPE,PGA_VALUE,SA(0.3)_VALUE,SA(0.6)_VALUE,SA(1.0)_VALUE,PGA_LN_SIGMA,SA(0.3)_LN_SIGMA,SA(0.6)_LN_SIGMA,SA(1.0)_LN_SIGMA,PGA_VALUE_1,SA(0.3)_VALUE_1,SA(0.6)_VALUE_1,SA(1.0)_VALUE_1,PGA_VALUE_2,SA(0.3)_VALUE_2,SA(0.6)_VALUE_2,SA(1.0)_VALUE_2,PGA_VALUE_V,SA(0.3)_VALUE_V,SA(0.6)_VALUE_V,SA(1.0)_VALUE_V,VS30,MMI_VALUE,MMI_STDDEV,PGV_LN_SIGMA,PGV_VALUE,SA(3.0)_LN_SIGMA,SA(3.0)_VALUE,VS30_TYPE
SAPP,SAN ALEJANDRO.  PUEBLA,19.057785,-98.215377,seismic,Stations_UNAM,DEPOSITOS LACUSTRES,0.205972,0.633265,0.905706,0.290506,0.0,0.0,0.0,0.0,0.199761,0.633265,0.905706,0.247277,0.205972,0.518799,0.571743,0.290506,0.061339,0.160914,0.123813,0.078023,,,,,,,,
RFPP,RIO SAN FRANCISCO.  PUEBLA,19.043493,-98.191493,seismic,Stations_UNAM,ESTRUCTURA,0.183952,0.840662,0.277165,0.137433,0.0,0.0,0.0,0.0,0.115438,0.473719,0.225704,0.114576,0.183952,0.840662,0.277165,0.137433,0.080951,0.245812,0.085623,0.034719,,,,,,,,
HMTT,HUAMUXTITLAN,17.798341,-98.559717,seismic,Stations_UNAM,ROCA,0.170474,0.422943,0.189444,0.080557,0.0,0.0,0.0,0.0,0.170474,0.422943,0.189444,0.067823,0.143868,0.24395,0.186648,0.071466,0.091714,0.205049,0.151714,0.080557,,,,,,,,
THEZ,TEHUACAN ESCUELA PRIMARIA EMILIANO ZAPATA,18.477554,-97.383184,seismic,Stations_UNAM,ROCA,0.166501,0.424332,0.398421,0.106503,0.0,0.0,0.0,0.0,0.149231,0.369729,0.398421,0.106503,0.166501,0.424332,0.255662,0.055129,0.044489,0.109698,0.070119,0.042824,,,,,,,,
RABO,RABOSO,18.569078,-98.445409,seismic,Stations_UNAM,ROCA,0.154691,0.400411,0.153762,0.080247,0.0,0.0,0.0,0.0,0.129564,0.244123,0.104388,0.0667,0.154691,0.400411,0.12876,0.080247,0.117866,0.143939,0.153762,0.035612,,,,,,,,
PHPU,PARQUE HABANA,19.044223,-98.168466,seismic,Stations_UNAM,SUELO,0.14171,0.367655,0.315037,0.116386,0.0,0.0,0.0,0.0,0.139499,0.250833,0.289243,0.116386,0.14171,0.367655,0.315037,0.078255,0.077726,0.169375,0.072821,0.036398,,,,,,,,
SXPU,SISMEX PUEBLA,19.039943,-98.215087,seismic,Stations_UNAM,TRAVERTINO,0.139178,0.444058,0.254611,0.17994,0.0,0.0,0.0,0.0,0.117158,0.297587,0.150356,0.116342,0.139178,0.444058,0.254611,0.17994,0.104318,0.223885,0.182484,0.044517,,,,,,,,
PZPU,CERRO LA PAZ,19.055379,-98.227092,seismic,Stations_UNAM,ROCA (CONO VOLCANICO),0.119972,0.195724,0.476404,0.10612,0.0,0.0,0.0,0.0,0.119972,0.195724,0.476404,0.10612,0.092502,0.166307,0.305293,0.100037,0.053378,0.142978,0.054067,0.046482,,,,,,,,
SJLL,SAN JUAN DE LOS LLANOS,16.657822,-98.498463,seismic,Stations_UNAM,ROCA,0.105815,0.058612,0.018292,0.01001,0.0,0.0,0.0,0.0,0.105815,0.058612,0.018292,0.009697,0.099859,0.056527,0.018018,0.01001,0.057272,0.038032,0.012467,0.007219,,,,,,,,
PBP2,PASEO NICOLAS BRAVO PUEBLA. S-2,19.045439,-98.208468,seismic,Stations_UNAM,TERRENO LIBRE,0.098676,0.191232,0.178241,0.146243,0.0,0.0,0.0,0.0,0.093354,0.128496,0.16755,0.118801,0.098676,0.191232,0.178241,0.146243,0.055978,0.138925,0.148118,0.059135,,,,,,,,
OXCU,OAXACA CIUDAD UNIVERSITARIA,17.048881,-96.713269,seismic,Stations_UNAM,ARCILLA,0.097498,0.349996,0.108003,0.058062,0.0,0.0,0.0,0.0,0.097498,0.349996,0.092228,0.024465,0.068128,0.222857,0.108003,0.058062,0.027506,0.050197,0.022786,0.019016,,,,,,,,
SCT2,SCT B-2.,19.394694,-99.148678,seismic,Stations_UNAM,ARCILLA,0.091678,0.192623,0.226551,0.174711,0.0,0.0,0.0,0.0,0.090332,0.192623,0.13843,0.168073,0.091678,0.157792,0.226551,0.174711,0.041767,0.096756,0.178771,0.066897,,,,,,,,
CCCL,CENTRO CULTURAL UNIVERSITARIO TLATELOLCO CAMPO LIBRE,19.449858,-99.137919,seismic,Stations_UNAM,SUELO,0.085528,0.18828,0.178628,0.226287,0.0,0.0,0.0,0.0,0.085528,0.18828,0.178628,0.226287,0.073419,0.179263,0.103591,0.166782,0.041002,0.104676,0.100735,0.055412,,,,,,,,
TEJU,TEJUPILCO,18.904051,-100.159615,seismic,Stations_UNAM,ROCA,0.083284,0.13079,0.054448,0.058808,0.0,0.0,0.0,0.0,0.083284,0.11053,0.054448,0.058808,0.054031,0.13079,0.03624,0.025403,0.029509,0.084741,0.037488,0.019599,,,,,,,,
OXXO,XOXOCOTLAN,17.026234,-96.726179,seismic,Stations_UNAM,?,0.079524,0.251023,0.132578,0.044602,0.0,0.0,0.0,0.0,0.068706,0.251023,0.093757,0.03192,0.079524,0.235794,0.132578,0.044602,0.030973,0.080546,0.031299,0.01757,,,,,,,,
CHFL,CHILA DE LAS FLORES,17.969493,-97.865638,seismic,Stations_UNAM,ROCA,0.07688,0.152385,0.089407,0.102504,0.0,0.0,0.0,0.0,0.075975,0.152385,0.08159,0.099496,0.07688,0.096998,0.089407,0.102504,0.038648,0.076589,0.052235,0.08827,,,,,,,,
OAXM,OAXACA FACULTAD DE MEDICINA,17.082872,-96.718744,seismic,Stations_UNAM,ALUVIAL,0.070369,0.228769,0.044492,0.028922,0.0,0.0,0.0,0.0,0.055318,0.168217,0.043759,0.028922,0.070369,0.228769,0.044492,0.026071,0.034331,0.061359,0.02538,0.021936,,,,,,,,
TNLP,TONALAPA DEL SUR,18.095563,-99.560805,seismic,Stations_UNAM,ROCA,0.065972,0.149602,0.064077,0.035164,0.0,0.0,0.0,0.0,0.051495,0.086302,0.046955,0.026287,0.065972,0.149602,0.064077,0.035164,0.06271,0.078381,0.053578,0.022236,,,,,,,,
OXTO,INSTITUTO TECNOLOGICO DE OAXACA,17.078389,-96.744158,seismic,Stations_UNAM,SUELO ALUVIAL,0.065089,0.157455,0.270856,0.05334,0.0,0.0,0.0,0.0,0.051601,0.094455,0.143158,0.033843,0.065089,0.157455,0.270856,0.05334,0.025407,0.083563,0.023296,0.011984,,,,,,,,
OXAE,OAXACA AEROPUERTO,17.001551,-96.721608,seismic,Stations_UNAM,SUELO BLANDO,0.063626,0.227443,0.146807,0.079642,0.0,0.0,0.0,0.0,0.063626,0.136676,0.098955,0.073038,0.061469,0.227443,0.146807,0.079642,0.020698,0.053926,0.024629,0.01749,,,,,,,,
TACY,TACUBAYA ENTRE GRAL. MANUEL M. P,19.404505,-99.195246,seismic,Stations_UNAM,SUELO DURO,0.062379,0.167441,0.127608,0.083326,0.0,0.0,0.0,0.0,0.058429,0.163807,0.115718,0.072938,0.062379,0.167441,0.127608,0.083326,0.034618,0.157707,0.046484,0.042813,,,,,,,,
OXPM,ESCUELA PRIMARIA MUGICA,17.061391,-96.716899,seismic,Stations_UNAM,SUELO,0.062118,0.189043,0.041304,0.030454,0.0,0.0,0.0,0.0,0.062053,0.157765,0.031737,0.016209,0.062118,0.189043,0.041304,0.030454,0.023566,0.044845,0.01908,0.016971,,,,,,,,
ACAD,ACAPULCO ESCUELA DIANA,16.86225,-99.87147,seismic,Stations_UNAM,LIMO ARENOSO,0.06082,0.145138,0.024684,0.011314,0.0,0.0,0.0,0.0,0.046043,0.13927,0.016449,0.008183,0.06082,0.145138,0.024684,0.010031,0.021615,0.024623,0.013112,0.011314,,,,,,,,
CUP5,IDEI PATIO 5,19.33024,-99.181076,seismic,Stations_UNAM,ROCA BASALTICA,0.058838,0.192501,0.099434,0.138832,0.0,0.0,0.0,0.0,0.055359,0.192501,0.098057,0.138832,0.058838,0.128475,0.099434,0.110932,0.033972,0.073744,0.056062,0.081401,,,,,,,,
ACAC,ACAPULCO CENTRO CULTURAL,16.84851,-99.85157,seismic,Stations_UNAM,ARENA - LIMO - ARCILLA,0.058739,0.2009,0.182918,0.023323,0.0,0.0,0.0,0.0,0.058739,0.2009,0.182918,0.02325,0.042338,0.10019,0.100996,0.023323,0.025611,0.049289,0.02342,0.009965,,,,,,,,
OXPC,OAXACA PROTECCION CIVIL,17.051219,-96.722974,seismic,Stations_UNAM,SUELO BLANDO,0.056897,0.122992,0.110987,0.059488,0.0,0.0,0.0,0.0,0.043682,0.083869,0.110987,0.059488,0.056897,0.122992,0.110979,0.053427,0.027235,0.056552,0.024022,0.011164,,,,,,,,
COMD,LA COMUNIDAD,18.122359,-100.523804,seismic,Stations_UNAM,ROCA,0.054517,0.053113,0.032171,0.012665,0.0,0.0,0.0,0.0,0.051265,0.053113,0.021698,0.012528,0.054517,0.052751,0.032171,0.012665,0.037408,0.039539,0.016715,0.010669,,,,,,,,
OXAL,ALAMEDA DE LEON,17.06148,-96.726042,seismic,Stations_UNAM,SUELO,0.05133,0.088407,0.028537,0.025851,0.0,0.0,0.0,0.0,0.05133,0.088407,0.021745,0.017213,0.043242,0.073056,0.028537,0.025851,0.015987,0.046814,0.021068,0.015506,,,,,,,,
ACAZ,ACAPULCO LA ZANJA,16.788528,-99.790152,seismic,Stations_UNAM,DEPOSITO BARRA,0.04484,0.083974,0.040339,0.0958,0.0,0.0,0.0,0.0,0.037508,0.069017,0.040339,0.0958,0.04484,0.083974,0.034185,0.083736,0.030257,0.043873,0.020513,0.015326,,,,,,,,
LMPP,LOMAS DEL MARMOL.  Puebla,19.00147,-98.18227,seismic,Stations_UNAM,ROCA,0.039778,0.074503,0.063533,0.030366,0.0,0.0,0.0,0.0,0.039778,0.074503,0.047502,0.021247,0.034652,0.073664,0.063533,0.030366,0.024608,0.070208,0.048491,0.030027,,,,,,,,
VIGA,LAS VIGAS,16.758703,-99.233268,seismic,Stations_UNAM,ROCA,0.036641,0.036995,0.015893,0.007732,0.0,0.0,0.0,0.0,0.031303,0.036995,0.015893,0.007079,0.036641,0.03652,0.013553,0.007732,0.014564,0.020928,0.009179,0.007202,,,,,,,,
POZU,POZUELOS,17.09008,-99.59754,seismic,Stations_UNAM,GRANITE,0.036285,0.046752,0.021608,0.011162,0.0,0.0,0.0,0.0,0.034648,0.046752,0.019626,0.011162,0.036285,0.044276,0.021608,0.008415,0.032803,0.032135,0.011225,0.007346,,,,,,,,
ACAR,ACAPULCO RENACIMIENTO,16.888789,-99.835027,seismic,Stations_UNAM,ALUVIAL,0.035697,0.170436,0.032399,0.015386,0.0,0.0,0.0,0.0,0.03276,0.16309,0.02141,0.007687,0.035697,0.170436,0.032399,0.010185,0.029735,0.045042,0.011906,0.015386,,,,,,,,
ACP2,ACAPULCO PREPARATORIA No. 2,16.874294,-99.886505,seismic,Stations_UNAM,ROCA,0.035366,0.07973,0.024192,0.008637,0.0,0.0,0.0,0.0,0.035366,0.07973,0.022706,0.006149,0.03229,0.067118,0.024192,0.008585,0.017721,0.028058,0.013288,0.008637,,,,,,,,
OXLC,LAS CANTERAS,17.065039,-96.703157,seismic,Stations_UNAM,ROCA  CANTERA,0.022515,0.090107,0.036317,0.048855,0.0,0.0,0.0,0.0,0.022515,0.074342,0.027008,0.019729,0.02175,0.090107,0.036317,0.048855,0.012047,0.043698,0.014545,0.01568,,,,,,,,
OCLL,OCOTILLO,17.036585,-99.878515,seismic,Stations_UNAM,ROCA,0.021312,0.039847,0.018377,0.013739,0.0,0.0,0.0,0.0,0.018144,0.027326,0.018377,0.006168,0.016861,0.039847,0.017301,0.010302,0.021312,0.018526,0.01638,0.013739,,,,,,,,
AGCA,AGUACALIENTE,16.83733,-99.64526,seismic,Stations_UNAM,ROCA,0.020681,0.036959,0.017839,0.012855,0.0,0.0,0.0,0.0,0.020681,0.031668,0.017839,0.012855,0.017964,0.036959,0.013829,0.010049,0.018568,0.021674,0.011283,0.007538,,,,,,,,
ATYC,ATOYAC,17.213361,-100.432269,seismic,Stations_UNAM,ROCA,0.018676,0.030422,0.017056,0.009122,0.0,0.0,0.0,0.0,0.01442,0.030422,0.017056,0.008755,0.018676,0.020666,0.013455,0.007632,0.01669,0.022815,0.010838,0.009122,,,,,,,,
COYC,COYUCA,16.997788,-100.089963,seismic,Stations_UNAM,ROCA,0.018358,0.023064,0.010871,0.00959,0.0,0.0,0.0,0.0,0.01685,0.023064,0.010871,0.006727,0.018358,0.017075,0.007955,0.00959,0.011007,0.013429,0.009929,0.009458,,,,,,,,
SNJE,SAN JERONIMO,18.535047,-101.323693,seismic,Stations_UNAM,ROCA,0.018144,0.032013,0.013127,0.010616,0.0,0.0,0.0,0.0,0.018144,0.032013,0.013003,0.010616,0.016985,0.024526,0.013127,0.005024,0.011602,0.028239,0.012643,0.006827,,,,,,,,
OXBJ,ESCUELA PRIMARIA BENITO JUAREZ,17.067337,-96.723804,seismic,Stations_UNAM,ROCA,0.018105,0.054482,0.025819,0.025904,0.0,0.0,0.0,0.0,0.017228,0.050834,0.017963,0.014213,0.018105,0.054482,0.025819,0.025904,0.013792,0.034701,0.014617,0.01253,,,,,,,,
JAMI,JAMILTEPEC,16.284353,-97.820692,seismic,Stations_UNAM,ROCA,0.017442,0.017405,0.013562,0.010949,0.0,0.0,0.0,0.0,0.017442,0.017405,0.013016,0.008831,0.013428,0.015055,0.013562,0.010949,0.014608,0.016977,0.013434,0.006441,,,,,,,,
SODO,SOLEDAD DE DOBLADO,19.044324,-96.414773,seismic,Stations_UNAM,ALUVIAL,0.016832,0.034556,0.033682,0.024437,0.0,0.0,0.0,0.0,0.013987,0.029775,0.033682,0.022059,0.016832,0.034556,0.031403,0.024437,0.012257,0.028855,0.026429,0.016364,,,,,,,,
NITA,NUEVA ITALIA,19.020738,-102.085089,seismic,Stations_UNAM,ROCA,0.01375,0.034309,0.039993,0.022881,0.0,0.0,0.0,0.0,0.01375,0.034309,0.035431,0.022881,0.013085,0.02259,0.039993,0.014209,0.00943,0.022515,0.013297,0.007207,,,,,,,,
SMLC,SAN MARTIN LOS CANSECO,16.654971,-96.729233,seismic,Stations_UNAM,ROCA,0.01289,0.023248,0.028177,0.016651,0.0,0.0,0.0,0.0,0.01289,0.019847,0.023348,0.016651,0.008561,0.023248,0.028177,0.01644,0.008447,0.015222,0.013624,0.013505,,,,,,,,
VNTA,LA VENTA,16.91426,-99.81885,seismic,Stations_UNAM,ROCA,0.012847,0.021734,0.024109,0.011098,0.0,0.0,0.0,0.0,0.010289,0.018794,0.010257,0.011098,0.010637,0.021734,0.024109,0.010916,0.012847,0.012691,0.009276,0.009227,,,,,,,,
SLU2,SAN LUIS DE LA LOMA 2,17.280802,-100.935496,seismic,Stations_UNAM,ROCA,0.01199,0.014358,0.010221,0.006357,0.0,0.0,0.0,0.0,0.01199,0.014147,0.008461,0.006357,0.011571,0.014358,0.010221,0.005272,0.010158,0.011663,0.006322,0.004759,,,,,,,,
OZST,ORIZABA ESCUELA SECUNDARIA TECNICA NUM. 84,18.860758,-97.094119,seismic,Stations_UNAM,SUELO BLANDO,0.011419,0.02176,0.023654,0.02821,0.0,0.0,0.0,0.0,0.011419,0.02176,0.018567,0.02821,0.010257,0.015569,0.019524,0.019996,0.00716,0.017356,0.023654,0.007067,,,,,,,,
COPL,COPALA,16.61081,-98.98399,seismic,Stations_UNAM,ROCA,0.010718,0.021321,0.017629,0.015018,0.0,0.0,0.0,0.0,0.010497,0.021321,0.017629,0.010789,0.010718,0.02087,0.015628,0.015018,0.006306,0.017737,0.011739,0.010664,,,,,,,,
PET2,PETATLAN II,17.535396,-101.262608,seismic,Stations_UNAM,ROCA,0.010051,0.021636,0.008498,0.006675,0.0,0.0,0.0,0.0,0.009836,0.019918,0.008498,0.006675,0.010051,0.021636,0.008308,0.005444,0.007142,0.012954,0.005987,0.004559,,,,,,,,
OXJM,JALAPA DEL MARQUES,16.445191,-95.444705,seismic,Stations_UNAM,ROCA,0.010005,0.023748,0.03347,0.021123,0.0,0.0,0.0,0.0,0.010005,0.023748,0.023055,0.021123,0.009917,0.022196,0.03347,0.019767,0.005373,0.011555,0.013255,0.009406,,,,,,,,
CANA,LAS CANAS,18.567007,-101.977162,seismic,Stations_UNAM,ROCA,0.009235,0.01954,0.01217,0.009706,0.0,0.0,0.0,0.0,0.009144,0.01954,0.01073,0.006699,0.009235,0.014982,0.008045,0.005421,0.007872,0.01552,0.01217,0.009706,,,,,,,,
NUX2,NUXCO 2,17.216711,-100.79117,seismic,Stations_UNAM,ROCA,0.009051,0.012426,0.007964,0.006084,0.0,0.0,0.0,0.0,0.006492,0.011836,0.007964,0.006084,0.009051,0.012426,0.007877,0.005838,0.005929,0.009814,0.00573,0.004422,,,,,,,,
XALA,XALAPA,19.529875,-96.901973,seismic,Stations_UNAM,Basalto,0.008323,0.017963,0.028325,0.016519,0.0,0.0,0.0,0.0,0.008323,0.017733,0.028325,0.016519,0.008306,0.017963,0.028072,0.010549,0.005702,0.014795,0.011952,0.01088,,,,,,,,
HUAM,HUAMELULA,16.031121,-95.670297,seismic,Stations_UNAM,ROCA,0.007622,0.03156,0.010095,0.005623,0.0,0.0,0.0,0.0,0.005868,0.025799,0.010095,0.005623,0.007622,0.03156,0.006165,0.00528,0.003647,0.011435,0.005244,0.004636,,,,,,,,
TAMA,TAMAZULAPAN,16.26116,-96.57529,seismic,Stations_UNAM,ROCA,0.007525,0.022139,0.014601,0.01154,0.0,0.0,0.0,0.0,0.007073,0.019676,0.009926,0.011153,0.007525,0.022139,0.009766,0.011538,0.005774,0.013681,0.014601,0.01154,,,,,,,,
SUCH,EL SUCHIL,17.226169,-100.638345,seismic,Stations_UNAM,ROCA,0.006646,0.014289,0.01216,0.00822,0.0,0.0,0.0,0.0,0.006621,0.014289,0.007027,0.00822,0.006646,0.013897,0.00967,0.005422,0.005711,0.010781,0.01216,0.007002,,,,,,,,
UNIO,LA UNION,17.98762,-101.810623,seismic,Stations_UNAM,ROCA,0.0061,0.017411,0.010928,0.007006,0.0,0.0,0.0,0.0,0.005037,0.013533,0.010928,0.007006,0.0061,0.017411,0.006433,0.004373,0.004756,0.0161,0.00889,0.005428,,,,,,,,
URUA,URUAPAN,19.421758,-102.074059,seismic,Stations_UNAM,ROCA,0.006059,0.009393,0.01859,0.015308,0.0,0.0,0.0,0.0,0.006059,0.009393,0.01859,0.011443,0.004739,0.009374,0.013502,0.015308,0.00256,0.006199,0.007183,0.003363,,,,,,,,
NILT,NILTEPEC,16.565153,-94.616947,seismic,Stations_UNAM,ROCA,0.005981,0.008484,0.005108,0.003933,0.0,0.0,0.0,0.0,0.005981,0.008484,0.005108,0.003933,0.004922,0.004368,0.004434,0.00369,0.001889,0.003669,0.00327,0.003696,,,,,,,,
LANE,LAS NEGRAS,15.947684,-97.187204,seismic,Stations_UNAM,ROCA SEDIMENTARIA,0.005829,0.019989,0.012461,0.009037,0.0,0.0,0.0,0.0,0.005188,0.011639,0.007148,0.008956,0.005829,0.019989,0.012461,0.009037,0.003436,0.00721,0.007604,0.007733,,,,,,,,
MIHL,MINATITLAN ESCUELA HIJAS DE LERDO,17.988778,-94.54387,seismic,Stations_UNAM,BLANDO,0.005207,0.01779,0.010361,0.011134,0.0,0.0,0.0,0.0,0.004472,0.01779,0.010361,0.011134,0.005207,0.012883,0.010009,0.009745,0.002708,0.00536,0.006661,0.005378,,,,,,,,
PANG,PUERTO ANGEL,15.666837,-96.490506,seismic,Stations_UNAM,ROCA SEDIMENTARIA,0.004687,0.006219,0.005183,0.005027,0.0,0.0,0.0,0.0,0.00368,0.006219,0.004731,0.004896,0.004687,0.005363,0.00422,0.005027,0.003317,0.004844,0.005183,0.003678,,,,,,,,
SLPA,SAN LUCAS PATHE,19.928698,-99.833027,seismic,Stations_UNAM,ROCA,0.004488,0.008993,0.00837,0.008788,0.0,0.0,0.0,0.0,0.004488,0.008993,0.00837,0.006364,0.003914,0.008644,0.008052,0.008788,0.003232,0.006134,0.007141,0.007662,,,,,,,,
ACAM,ACAMBARO,20.043186,-100.716777,seismic,Stations_UNAM,ROCA,0.004479,0.005216,0.006579,0.008567,0.0,0.0,0.0,0.0,0.003632,0.005216,0.006579,0.006909,0.004479,0.005047,0.006387,0.008567,0.002186,0.003309,0.005915,0.003957,,,,,,,,
SCRU,SALINA CRUZ,16.187519,-95.209239,seismic,Stations_UNAM,ROCA,0.004176,0.011305,0.008909,0.013218,0.0,0.0,0.0,0.0,0.004176,0.008399,0.006846,0.013218,0.003078,0.011305,0.008909,0.007258,0.002251,0.006674,0.003618,0.006633,,,,,,,,
SJAL,SAN JUAN DE ALIMA,18.585371,-103.670344,seismic,Stations_UNAM,ROCA,0.003514,0.004701,0.00359,0.002932,0.0,0.0,0.0,0.0,0.003128,0.004701,0.00359,0.002598,0.003514,0.004458,0.00299,0.002203,0.001335,0.002355,0.003355,0.002932,,,,,,,,
COMA,COMALA,19.325266,-103.760813,seismic,Stations_UNAM,ROCA,0.002234,0.005982,0.006798,0.008504,0.0,0.0,0.0,0.0,0.002234,0.004901,0.006798,0.008504,0.001918,0.005982,0.006424,0.006896,0.001407,0.002188,0.00345,0.005619,,,,,,,,
CHPA,PREPARATORIA ARRIAGA,16.247374,-93.912575,seismic,Stations_UNAM,?,0.002138,0.004918,0.002439,0.002866,0.0,0.0,0.0,0.0,0.002138,0.004918,0.002439,0.002866,0.001443,0.001859,0.001678,0.001872,0.002102,0.002519,0.001845,0.001976,,,,,,,,
CDGU,CIUDAD GUZMAN,19.699521,-103.447815,seismic,Stations_UNAM,ROCA,0.002115,0.006214,0.003846,0.002117,0.0,0.0,0.0,0.0,0.002115,0.006214,0.003466,0.001905,0.001805,0.004664,0.003846,0.002117,0.000952,0.001692,0.002251,0.001661,,,,,,,,
COLL,COLIMILLA,19.190906,-104.680633,seismic,Stations_UNAM,ROCA,0.00139,0.003431,0.002337,0.002191,0.0,0.0,0.0,0.0,0.001372,0.003431,0.002337,0.002191,0.00139,0.002462,0.001433,0.00124,0.000921,0.001043,0.001045,0.001453,,,,,,,,
TAJN,TAPACHULA JARDIN DE NINOS JM VILLALPANDO,14.922677,-92.270957,seismic,Stations_UNAM,BLANDO,0.001233,0.00408,0.001991,0.001998,0.0,0.0,0.0,0.0,0.00107,0.00408,0.001707,0.001917,0.001233,0.002835,0.001991,0.001998,0.000502,0.002171,0.001154,0.001211,,,,,,,,
TGBT,TUXTLA GUTIERREZ CBTIS 144,16.776805,-93.089492,seismic,Stations_UNAM,ROCA,0.000932,0.003513,0.002146,0.002405,0.0,0.0,0.0,0.0,0.000932,0.003513,0.002146,0.002405,0.000838,0.002237,0.001017,0.001564,0.000584,0.001763,0.00125,0.001922,,,,,,,,
CH84,Culhuacán,19.33,-99.1254,seismic,Stations_CDMX_GEO_DATA_And_Cires,IIIa,0.225599,,,,0.0,,,,0.14896,,,,0.225599,,,,0.08381,,,,,,,,,,,
JC54,Parque Jardines de Coyoacán,19.313,-99.1272,seismic,Stations_CDMX_GEO_DATA_And_Cires,IIIa,0.220267,,,,0.0,,,,0.220267,,,,0.204106,,,,0.059855,,,,,,,,,,,
MI15,Miramontes,19.2834,-99.1253,seismic,Stations_CDMX_GEO_DATA_And_Cires,IIIa,0.207193,,,,0.0,,,,0.207193,,,,0.133427,,,,0.055292,,,,,,,,,,,
TH35,Tláhuac,19.2786,-99.0,seismic,Stations_CDMX_GEO_DATA_And_Cires,IIId,0.189939,,,,0.0,,,,0.189939,,,,0.186689,,,,0.058995,,,,,,,,,,,
DX37,DGCOH Xotepingo,19.3322,-99.1439,seismic,Stations_CDMX_GEO_DATA_And_Cires,II,0.187726,,,,0.0,,,,0.187726,,,,0.123941,,,,0.052372,,,,,,,,,,,
SI53,San Simón,19.3753,-99.1483,seismic,Stations_CDMX_GEO_DATA_And_Cires,IIIa,0.177565,,,,0.0,,,,0.129029,,,,0.177565,,,,0.056784,,,,,,,,,,,
XO36,"Jardín de Niños ""Xochimilco""",19.2711,-99.1024,seismic,Stations_CDMX_GEO_DATA_And_Cires,IIIc,0.173557,,,,0.0,,,,0.124141,,,,0.173557,,,,0.05053,,,,,,,,,,,
CU80,"Esc. Prim. ""Aurora López Velarde""",19.293638,-99.1037,seismic,Stations_CDMX_GEO_DATA_And_Cires,IIIc,0.168301,,,,0.0,,,,0.144068,,,,0.168301,,,,0.041722,,,,,,,,,,,
IB22,Esc. Sec. Téc. No. 95,19.345,-99.1297,seismic,Stations_CDMX_GEO_DATA_And_Cires,IIIa,0.160882,,,,0.0,,,,0.119013,,,,0.160882,,,,0.046211,,,,,,,,,,,
LI33,Liconsa,19.3064,-98.9631,seismic,Stations_CDMX_GEO_DATA_And_Cires,IIIa,0.137931,,,,0.0,,,,0.137931,,,,0.113381,,,,0.065256,,,,,,,,,,,
AP68,"Jardín de niños ""juan B. de la Salle”",19.3809,-99.1068,seismic,Stations_CDMX_GEO_DATA_And_Cires,IIIc,0.133949,,,,0.0,,,,0.115228,,,,0.133949,,,,0.081396,,,,,,,,,,,
CP28,Cerro del Peñón,19.4385,-99.0839,seismic,Stations_CDMX_GEO_DATA_And_Cires,IIId,0.133438,,,,0.0,,,,0.09029,,,,0.133438,,,,0.081154,,,,,,,,,,,
GC38,"Jardín de niños ""Luz García Campillo""",19.3161,-99.1059,seismic,Stations_CDMX_GEO_DATA_And_Cires,IIIb,0.125624,,,,0.0,,,,0.125624,,,,0.124198,,,,0.043172,,,,,,,,,,,
UC44,Unidad Colonia IMSS,19.4337,-99.1654,seismic,Stations_CDMX_GEO_DATA_And_Cires,IIIa,0.125319,,,,0.0,,,,0.125319,,,,0.124925,,,,0.041726,,,,,,,,,,,
PE10,"Esc. Prim. ""Plutarco Elías Calles""",19.3809,-99.1318,seismic,Stations_CDMX_GEO_DATA_And_Cires,IIIb,0.12456,,,,0.0,,,,0.101405,,,,0.12456,,,,0.031148,,,,,,,,,,,
CJ04,Multifamiliar Juárez II,19.4098,-99.1566,seismic,Stations_CDMX_GEO_DATA_And_Cires,IIIb,0.123928,,,,0.0,,,,0.123928,,,,0.097064,,,,0.034778,,,,,,,,,,,
LV17,Lindavista,19.4931,-99.1275,seismic,Stations_CDMX_GEO_DATA_And_Cires,IIIa,0.123016,,,,0.0,,,,0.123016,,,,0.104138,,,,0.025927,,,,,,,,,,,
MY19,Meyehualco,19.3461,-99.0433,seismic,Stations_CDMX_GEO_DATA_And_Cires,IIIc,0.119877,,,,0.0,,,,0.119877,,,,0.111648,,,,0.085394,,,,,,,,,,,
AO24,Alberca olímpica,19.358,-99.1539,seismic,Stations_CDMX_GEO_DATA_And_Cires,II,0.119652,,,,0.0,,,,0.106394,,,,0.119652,,,,0.047917,,,,,,,,,,,
GR27,Granjas,19.4747,-99.1797,seismic,Stations_CDMX_GEO_DATA_And_Cires,II,0.119634,,,,0.0,,,,0.084672,,,,0.119634,,,,0.04477,,,,,,,,,,,
VG09,Valle Gómez,19.4539,-99.1225,seismic,Stations_CDMX_GEO_DATA_And_Cires,IIIb,0.119545,,,,0.0,,,,0.119545,,,,0.101846,,,,0.036447,,,,,,,,,,,
AL01,Alameda,19.4356,-99.1453,seismic,Stations_CDMX_GEO_DATA_And_Cires,IIIb,0.117115,,,,0.0,,,,0.117115,,,,0.108563,,,,0.040191,,,,,,,,,,,
AE02,Esc. Prim. González Garzón,19.429,-99.0584,seismic,Stations_CDMX_GEO_DATA_And_Cires,IIId,0.114862,,,,0.0,,,,0.096182,,,,0.114862,,,,0.042168,,,,,,,,,,,
BL45,Balderas,19.4253,-99.1481,seismic,Stations_CDMX_GEO_DATA_And_Cires,IIIb,0.114474,,,,0.0,,,,0.102273,,,,0.114474,,,,0.0397,,,,,,,,,,,
CI05,Cibeles,19.4186,-99.1653,seismic,Stations_CDMX_GEO_DATA_And_Cires,IIIb,0.114243,,,,0.0,,,,0.113319,,,,0.114243,,,,0.051197,,,,,,,,,,,
CO56,Esc. Sec. Téc. No. 18,19.4215,-99.159,seismic,Stations_CDMX_GEO_DATA_And_Cires,IIIb,0.113992,,,,0.0,,,,0.109762,,,,0.113992,,,,0.053819,,,,,,,,,,,
BA49,Buenos aires,19.4097,-99.145,seismic,Stations_CDMX_GEO_DATA_And_Cires,IIIc,0.113161,,,,0.0,,,,0.088938,,,,0.113161,,,,0.030643,,,,,,,,,,,
CJ03,Centro Urbano Juárez,19.4097,-99.1567,seismic,Stations_CDMX_GEO_DATA_And_Cires,IIIb,0.111994,,,,0.0,,,,0.111994,,,,0.098031,,,,0.036388,,,,,,,,,,,
XP06,"Jardín de niños ""Xochipilli""",19.4198,-99.1353,seismic,Stations_CDMX_GEO_DATA_And_Cires,IIIc,0.108189,,,,0.0,,,,0.081737,,,,0.108189,,,,0.030981,,,,,,,,,,,
JA43,Jamaica,19.4053,-99.125,seismic,Stations_CDMX_GEO_DATA_And_Cires,IIIc,0.106286,,,,0.0,,,,0.082884,,,,0.106286,,,,0.047826,,,,,,,,,,,
SP51,Sector Popular,19.3656,-99.1189,seismic,Stations_CDMX_GEO_DATA_And_Cires,IIIb,0.100381,,,,0.0,,,,0.077363,,,,0.100381,,,,0.038496,,,,,,,,,,,
GA62,Esc. Sec. Téc. No. 2,19.4385,-99.1401,seismic,Stations_CDMX_GEO_DATA_And_Cires,IIIb,0.097069,,,,0.0,,,,0.097069,,,,0.084035,,,,0.033662,,,,,,,,,,,
HJ72,Hospital Juárez,19.4251,-99.1301,seismic,Stations_CDMX_GEO_DATA_And_Cires,IIIc,0.096402,,,,0.0,,,,0.090334,,,,0.096402,,,,0.040602,,,,,,,,,,,
PD42,Palacio de los Deportes,19.4055,-99.0997,seismic,Stations_CDMX_GEO_DATA_And_Cires,IIId,0.096259,,,,0.0,,,,0.083767,,,,0.096259,,,,0.04237,,,,,,,,,,,
LI58,Esc. Sec. Dna. No. 23,19.4263,-99.1569,seismic,Stations_CDMX_GEO_DATA_And_Cires,IIIb,0.095809,,,,0.0,,,,0.095809,,,,0.089905,,,,0.051122,,,,,,,,,,,
BO39,Bondojito,19.4653,-99.1047,seismic,Stations_CDMX_GEO_DATA_And_Cires,IIIc,0.095143,,,,0.0,,,,0.077913,,,,0.095143,,,,0.024112,,,,,,,,,,,
AU46,Esc. Sec. Téc. No. 14,19.3832,-99.1681,seismic,Stations_CDMX_GEO_DATA_And_Cires,II,0.094892,,,,0.0,,,,0.077287,,,,0.094892,,,,0.033444,,,,,,,,,,,
VM29,Villa del Mar,19.3811,-99.1253,seismic,Stations_CDMX_GEO_DATA_And_Cires,IIIc,0.09483,,,,0.0,,,,0.085238,,,,0.09483,,,,0.035905,,,,,,,,,,,
CO47,Coyoacán,19.3714,-99.1703,seismic,Stations_CDMX_GEO_DATA_And_Cires,II,0.093956,,,,0.0,,,,0.071962,,,,0.093956,,,,0.030594,,,,,,,,,,,
FJ74,Fundación Javier Barros Sierra,19.299,-99.21,seismic,Stations_CDMX_GEO_DATA_And_Cires,I,0.092164,,,,0.0,,,,0.092164,,,,0.091056,,,,0.050052,,,,,,,,,,,
DM12,Deportivo Moctezuma,19.4312,-99.0963,seismic,Stations_CDMX_GEO_DATA_And_Cires,IIId,0.090516,,,,0.0,,,,0.087536,,,,0.090516,,,,0.041026,,,,,,,,,,,
AU11,Autódromo,19.3919,-99.0869,seismic,Stations_CDMX_GEO_DATA_And_Cires,IIId,0.090454,,,,0.0,,,,0.072106,,,,0.090454,,,,0.035168,,,,,,,,,,,
CA59,Candelaria,19.4258,-99.1183,seismic,Stations_CDMX_GEO_DATA_And_Cires,IIIc,0.089834,,,,0.0,,,,0.083504,,,,0.089834,,,,0.035618,,,,,,,,,,,
CS78,Esc. Sec. No. Téc. No. 243,19.3656,-99.2262,seismic,Stations_CDMX_GEO_DATA_And_Cires,I,0.087005,,,,0.0,,,,0.087005,,,,0.055516,,,,0.057994,,,,,,,,,,,
PA34,"Esc. Prim. ""Alvaro Obregón""",19.2016,-99.0491,seismic,Stations_CDMX_GEO_DATA_And_Cires,I,0.085563,,,,0.0,,,,0.083246,,,,0.085563,,,,0.059959,,,,,,,,,,,
ES57,Escandón,19.4017,-99.1775,seismic,Stations_CDMX_GEO_DATA_And_Cires,II,0.083911,,,,0.0,,,,0.070497,,,,0.083911,,,,0.02819,,,,,,,,,,,
TL08,"Deportivo ""Antonio Caso T-II""",19.45,-99.1336,seismic,Stations_CDMX_GEO_DATA_And_Cires,IIIb,0.082849,,,,0.0,,,,0.082849,,,,0.081208,,,,0.030178,,,,,,,,,,,
TL55,Tlatelolco,19.4536,-99.1425,seismic,Stations_CDMX_GEO_DATA_And_Cires,IIIb,0.082457,,,,0.0,,,,0.082457,,,,0.069196,,,,0.033571,,,,,,,,,,,
EO30,"Jardín ""Esparza Oteo""",19.3885,-99.1772,seismic,Stations_CDMX_GEO_DATA_And_Cires,II,0.082132,,,,0.0,,,,0.067507,,,,0.082132,,,,0.034529,,,,,,,,,,,
CE32,CETIS no. 57,19.3858,-99.0537,seismic,Stations_CDMX_GEO_DATA_And_Cires,IIId,0.080388,,,,0.0,,,,0.080388,,,,0.076759,,,,0.035772,,,,,,,,,,,
UI21,U. Iberoamericana,19.3696,-99.2655,seismic,Stations_CDMX_GEO_DATA_And_Cires,I,0.079261,,,,0.0,,,,0.07469,,,,0.079261,,,,0.035506,,,,,,,,,,,
RM48,"Esc. Prim. ""Rodolfo Menendez""",19.4359,-99.128,seismic,Stations_CDMX_GEO_DATA_And_Cires,IIIb,0.078013,,,,0.0,,,,0.061073,,,,0.078013,,,,0.037851,,,,,,,,,,,
DR16,Deportivo Reynosa,19.5005,-99.1829,seismic,Stations_CDMX_GEO_DATA_And_Cires,II,0.077174,,,,0.0,,,,0.07101,,,,0.077174,,,,0.025095,,,,,,,,,,,
CE18,Esc. Prim. “Ramón Espinoza Villanueva”,19.3398,-99.0847,seismic,Stations_CDMX_GEO_DATA_And_Cires,I,0.072736,,,,0.0,,,,0.072736,,,,0.051059,,,,0.02967,,,,,,,,,,,
RI76,República de Italia,19.4501,-99.0986,seismic,Stations_CDMX_GEO_DATA_And_Cires,IIIc,0.072657,,,,0.0,,,,0.052382,,,,0.072657,,,,0.02424,,,,,,,,,,,
ME52,"Esc. Sec. Téc. ""Rafaél Dondé""",19.4383,-99.182,seismic,Stations_CDMX_GEO_DATA_And_Cires,II,0.072164,,,,0.0,,,,0.062803,,,,0.072164,,,,0.031709,,,,,,,,,,,
TP13,Tlalpan,19.2922,-99.1708,seismic,Stations_CDMX_GEO_DATA_And_Cires,I,0.06658,,,,0.0,,,,0.060335,,,,0.06658,,,,0.051559,,,,,,,,,,,
CE23,CETIS Aragón,19.4619,-99.0642,seismic,Stations_CDMX_GEO_DATA_And_Cires,IIId,0.059987,,,,0.0,,,,0.052092,,,,0.059987,,,,0.026545,,,,,,,,,,,
MT50,Mariscal Tito,19.4253,-99.19,seismic,Stations_CDMX_GEO_DATA_And_Cires,I,0.058267,,,,0.0,,,,0.047051,,,,0.058267,,,,0.029802,,,,,,,,,,,
NZ20,NZ20,19.241,-99.0,seismic,Stations_Guillermo_Diaz_Fanas_2020_And_Cires,Zona IIId - Lago,0.14569,,,,0.0,,,,,,,,,,,,,,,,,,,,,,,
CS66,CS66,19.2222,-99.554,seismic,Stations_Guillermo_Diaz_Fanas_2020_And_Cires,Zona IIIc - Lago,0.1334,,,,0.0,,,,,,,,,,,,,,,,,,,,,,,
NZ31,NZ31,19.25,-99.129,seismic,Stations_Guillermo_Diaz_Fanas_2020_And_Cires,Zona IIId - Lago,0.11,,,,0.0,,,,,,,,,,,,,,,,,,,,,,,
SS60,SS60,19.2335,-99.849,seismic,Stations_Guillermo_Diaz_Fanas_2020_And_Cires,Zona IIIb – Lago,0.10585,,,,0.0,,,,,,,,,,,,,,,,,,,,,,,
IM40,IM40,19.2034,-99.1212,seismic,Stations_Guillermo_Diaz_Fanas_2020_And_Cires,Zona I - Lomas,0.08886,,,,0.0,,,,,,,,,,,,,,,,,,,,,,,
UTM:(14Q 0583 2106 1000),,19.0496,-98.2064,macroseismic,Stations_USGS,,0.439338,0.807155,,0.79511,0.8059,1.0131,,1.0822,,,,,,,,,,,,,329.8,7.9,0.3,0.875,50.7065,1.4737,0.151238,inferred
UTM:(14Q 0485 2139 1000),,19.3494,-99.1381,macroseismic,Stations_USGS,,0.435959,0.841563,,1.010597,0.8059,1.0131,,1.0822,,,,,,,,,,,,,229.54,8.1,0.3,0.875,58.6617,1.4737,0.192992,inferred
UTM:(14Q 0474 2098 1000),,18.9788,-99.2422,macroseismic,Stations_USGS,,0.425345,0.811919,,0.912202,0.8059,1.0131,,1.0822,,,,,,,,,,,,,541.18,8.0,0.3,0.875,54.5392,1.4737,0.174223,inferred
UTM:(14Q 0505 2131 1000),,19.2772,-98.9477,macroseismic,Stations_USGS,,0.355518,0.689814,,0.715617,0.8059,1.0131,,1.0822,,,,,,,,,,,,,245.27,7.7,0.3,0.875,43.8301,1.4737,0.137797,inferred
UTM:(14Q 0489 2133 1000),,19.2952,-99.0999,macroseismic,Stations_USGS,,0.345579,0.679608,,0.728162,0.8059,1.0131,,1.0822,,,,,,,,,,,,,180.0,7.7,0.3,0.875,43.8301,1.4737,0.140507,inferred
UTM:(14Q 0483 2132 1000),,19.2862,-99.157,macroseismic,Stations_USGS,,0.342818,0.676748,,0.731751,0.8059,1.0131,,1.0822,,,,,,,,,,,,,378.06,7.7,0.3,0.875,43.8301,1.4737,0.141283,inferred
UTM:(14Q 0474 2136 1000),,19.3222,-99.2427,macroseismic,Stations_USGS,,0.335738,0.669363,,0.741171,0.8059,1.0131,,1.0822,,,,,,,,,,,,,572.58,7.7,0.3,0.875,43.8301,1.4737,0.143323,inferred
UTM:(14Q 0496 2134 1000),,19.3043,-99.0333,macroseismic,Stations_USGS,,0.327664,0.64589,,0.668882,0.8059,1.0131,,1.0822,,,,,,,,,,,,,411.51,7.6,0.3,0.875,40.7499,1.4737,0.129357,inferred
UTM:(14Q 0485 2132 1000),,19.2862,-99.138,macroseismic,Stations_USGS,,0.323192,0.64124,,0.674541,0.8059,1.0131,,1.0822,,,,,,,,,,,,,385.13,7.6,0.3,0.875,40.7499,1.4737,0.130584,inferred
UTM:(14Q 0483 2139 1000),,19.3494,-99.1571,macroseismic,Stations_USGS,,0.299211,0.601828,,0.628756,0.8059,1.0131,,1.0822,,,,,,,,,,,,,260.37,7.5,0.3,0.875,37.8862,1.4737,0.122209,inferred
UTM:(14Q 0482 2146 1000),,19.4127,-99.1667,macroseismic,Stations_USGS,,0.295317,0.597698,,0.633824,0.8059,1.0131,,1.0822,,,,,,,,,,,,,240.32,7.5,0.3,0.875,37.8862,1.4737,0.123313,inferred
UTM:(14Q 0482 2147 1000),,19.4217,-99.1667,macroseismic,Stations_USGS,,0.294831,0.59718,,0.634465,0.8059,1.0131,,1.0822,,,,,,,,,,,,,249.13,7.5,0.3,0.875,37.8862,1.4737,0.123453,inferred
UTM:(14Q 0483 2149 1000),,19.4398,-99.1572,macroseismic,Stations_USGS,,0.294249,0.596561,,0.635233,0.8059,1.0131,,1.0822,,,,,,,,,,,,,235.22,7.5,0.3,0.875,37.8862,1.4737,0.123621,inferred
UTM:(14Q 0482 2149 1000),,19.4398,-99.1667,macroseismic,Stations_USGS,,0.293855,0.59614,,0.635755,0.8059,1.0131,,1.0822,,,,,,,,,,,,,242.94,7.5,0.3,0.875,37.8862,1.4737,0.123734,inferred
UTM:(14Q 0579 2104 1000),,19.0316,-98.2445,macroseismic,Stations_USGS,,0.286913,0.549607,,0.453429,0.8059,1.0131,,1.0822,,,,,,,,,,,,,235.95,7.2,0.3,0.875,30.447,1.4737,0.087954,inferred
UTM:(14Q 0480 2134 1000),,19.3042,-99.1856,macroseismic,Stations_USGS,,0.282132,0.570305,,0.579534,0.8059,1.0131,,1.0822,,,,,,,,,,,,,356.52,7.4,0.3,0.875,35.2237,1.4737,0.11294,inferred
UTM:(14Q 0480 2139 1000),,19.3494,-99.1857,macroseismic,Stations_USGS,,0.279876,0.567903,,0.582393,0.8059,1.0131,,1.0822,,,,,,,,,,,,,334.08,7.4,0.3,0.875,35.2237,1.4737,0.113565,inferred
UTM:(14Q 0479 2140 1000),,19.3584,-99.1952,macroseismic,Stations_USGS,,0.279005,0.566973,,0.583506,0.8059,1.0131,,1.0822,,,,,,,,,,,,,381.79,7.4,0.3,0.875,35.2237,1.4737,0.113808,inferred
UTM:(14Q 0483 2146 1000),,19.4127,-99.1572,macroseismic,Stations_USGS,,0.277885,0.565776,,0.584946,0.8059,1.0131,,1.0822,,,,,,,,,,,,,229.08,7.4,0.3,0.875,35.2237,1.4737,0.114123,inferred
UTM:(14Q 0482 2148 1000),,19.4308,-99.1667,macroseismic,Stations_USGS,,0.276581,0.564378,,0.586635,0.8059,1.0131,,1.0822,,,,,,,,,,,,,245.23,7.4,0.3,0.875,35.2237,1.4737,0.114492,inferred
UTM:(14Q 0482 2140 1000),,19.3585,-99.1666,macroseismic,Stations_USGS,,0.263357,0.537575,,0.537478,0.8059,1.0131,,1.0822,,,,,,,,,,,,,281.84,7.3,0.3,0.875,32.7484,1.4737,0.1051,inferred
UTM:(14Q 0483 2142 1000),,19.3765,-99.1571,macroseismic,Stations_USGS,,0.262877,0.537058,,0.538081,0.8059,1.0131,,1.0822,,,,,,,,,,,,,264.57,7.3,0.3,0.875,32.7484,1.4737,0.105232,inferred
UTM:(14Q 0474 2096 1000),,18.9607,-99.2422,macroseismic,Stations_USGS,,0.259051,0.520869,,0.482727,0.8059,1.0131,,1.0822,,,,,,,,,,,,,509.65,7.2,0.3,0.875,30.447,1.4737,0.094348,inferred
UTM:(14Q 0470 2140 1000),,19.3583,-99.2809,macroseismic,Stations_USGS,,0.258586,0.532433,,0.543535,0.8059,1.0131,,1.0822,,,,,,,,,,,,,513.65,7.3,0.3,0.875,32.7484,1.4737,0.106428,inferred
UTM:(14Q 0489 2099 1000),,18.988,-99.0998,macroseismic,Stations_USGS,,0.25132,0.501032,,0.437238,0.8059,1.0131,,1.0822,,,,,,,,,,,,,884.05,7.1,0.3,0.875,28.3073,1.4737,0.085504,inferred
UTM:(14Q 0484 2140 1000),,19.3585,-99.1476,macroseismic,Stations_USGS,,0.248207,0.50929,,0.495546,0.8059,1.0131,,1.0822,,,,,,,,,,,,,251.4,7.2,0.3,0.875,30.447,1.4737,0.097161,inferred
UTM:(14Q 0478 2139 1000),,19.3494,-99.2047,macroseismic,Stations_USGS,,0.246367,0.507301,,0.497812,0.8059,1.0131,,1.0822,,,,,,,,,,,,,464.86,7.2,0.3,0.875,30.447,1.4737,0.097659,inferred
UTM:(14Q 0485 2147 1000),,19.4217,-99.1381,macroseismic,Stations_USGS,,0.245629,0.506502,,0.498728,0.8059,1.0131,,1.0822,,,,,,,,,,,,,220.62,7.2,0.3,0.875,30.447,1.4737,0.09786,inferred
UTM:(14Q 0480 2145 1000),,19.4036,-99.1857,macroseismic,Stations_USGS,,0.244738,0.505535,,0.49984,0.8059,1.0131,,1.0822,,,,,,,,,,,,,362.65,7.2,0.3,0.875,30.447,1.4737,0.098105,inferred
UTM:(14Q 0581 2102 1000),,19.0135,-98.2256,macroseismic,Stations_USGS,,0.238927,0.466044,,0.35652,0.8059,1.0131,,1.0822,,,,,,,,,,,,,267.07,6.9,0.3,0.875,24.4685,1.4737,0.069742,inferred
UTM:(14Q 0484 2139 1000),,19.3494,-99.1476,macroseismic,Stations_USGS,,0.233627,0.482167,,0.457246,0.8059,1.0131,,1.0822,,,,,,,,,,,,,247.07,7.1,0.3,0.875,28.3073,1.4737,0.089901,inferred
HLIG,HLIG,17.829966,-97.803575,seismic,Stations_USGS,,0.232396,,,0.037238,0.0,,,0.0,,,,,,,,,,,,,555.72,6.2,0.63,0.0,14.29,,,inferred
UTM:(14Q 0491 2148 1000),,19.4308,-99.081,macroseismic,Stations_USGS,,0.232242,0.480662,,0.458916,0.8059,1.0131,,1.0822,,,,,,,,,,,,,222.43,7.1,0.3,0.875,28.3073,1.4737,0.090269,inferred
UTM:(14Q 0481 2145 1000),,19.4036,-99.1762,macroseismic,Stations_USGS,,0.230298,0.478543,,0.461286,0.8059,1.0131,,1.0822,,,,,,,,,,,,,291.13,7.1,0.3,0.875,28.3073,1.4737,0.090791,inferred
UTM:(14Q 0484 2148 1000),,19.4308,-99.1476,macroseismic,Stations_USGS,,0.230103,0.47833,,0.461525,0.8059,1.0131,,1.0822,,,,,,,,,,,,,195.83,7.1,0.3,0.875,28.3073,1.4737,0.090844,inferred
UTM:(14Q 0472 2140 1000),,19.3583,-99.2618,macroseismic,Stations_USGS,,0.229031,0.477157,,0.462849,0.8059,1.0131,,1.0822,,,,,,,,,,,,,445.4,7.1,0.3,0.875,28.3073,1.4737,0.091136,inferred
UTM:(14Q 0485 2138 1000),,19.3404,-99.138,macroseismic,Stations_USGS,,0.220237,0.456853,,0.421514,0.8059,1.0131,,1.0822,,,,,,,,,,,,,235.88,7.0,0.3,0.875,26.318,1.4737,0.083096,inferred
UTM:(14Q 0582 2109 1000),,19.0767,-98.2158,macroseismic,Stations_USGS,,0.219928,0.436077,,0.333496,0.8059,1.0131,,1.0822,,,,,,,,,,,,,304.8,6.8,0.3,0.875,22.749,1.4737,0.065528,inferred
UTM:(14Q 0483 2140 1000),,19.3585,-99.1571,macroseismic,Stations_USGS,,0.218833,0.455319,,0.42317,0.8059,1.0131,,1.0822,,,,,,,,,,,,,275.24,7.0,0.3,0.875,26.318,1.4737,0.083462,inferred
UTM:(14Q 0484 2141 1000),,19.3675,-99.1476,macroseismic,Stations_USGS,,0.218792,0.455274,,0.423219,0.8059,1.0131,,1.0822,,,,,,,,,,,,,252.87,7.0,0.3,0.875,26.318,1.4737,0.083473,inferred
UTM:(14Q 0484 2143 1000),,19.3856,-99.1476,macroseismic,Stations_USGS,,0.218054,0.454466,,0.424097,0.8059,1.0131,,1.0822,,,,,,,,,,,,,249.14,7.0,0.3,0.875,26.318,1.4737,0.083667,inferred
UTM:(14Q 0480 2140 1000),,19.3584,-99.1857,macroseismic,Stations_USGS,,0.217851,0.454244,,0.424338,0.8059,1.0131,,1.0822,,,,,,,,,,,,,332.5,7.0,0.3,0.875,26.318,1.4737,0.083721,inferred
UTM:(14Q 0476 2091 1000),,18.9156,-99.2232,macroseismic,Stations_USGS,,0.216956,0.443,,0.378233,0.8059,1.0131,,1.0822,,,,,,,,,,,,,455.66,6.9,0.3,0.875,24.4685,1.4737,0.07452,inferred
UTM:(14Q 0475 2090 1000),,18.9065,-99.2326,macroseismic,Stations_USGS,,0.21662,0.442639,,0.378593,0.8059,1.0131,,1.0822,,,,,,,,,,,,,446.22,6.9,0.3,0.875,24.4685,1.4737,0.074599,inferred
UTM:(14Q 0480 2149 1000),,19.4398,-99.1858,macroseismic,Stations_USGS,,0.214694,0.450771,,0.428152,0.8059,1.0131,,1.0822,,,,,,,,,,,,,277.34,7.0,0.3,0.875,26.318,1.4737,0.084564,inferred
UTM:(14Q 0471 2141 1000),,19.3674,-99.2714,macroseismic,Stations_USGS,,0.214563,0.450626,,0.428313,0.8059,1.0131,,1.0822,,,,,,,,,,,,,470.41,7.0,0.3,0.875,26.318,1.4737,0.0846,inferred
UTM:(14Q 0584 2106 1000),,19.0495,-98.1969,macroseismic,Stations_USGS,,0.207999,0.41389,,0.306822,0.8059,1.0131,,1.0822,,,,,,,,,,,,,302.41,6.7,0.3,0.875,21.1503,1.4737,0.060433,inferred
UTM:(14Q 0480 2136 1000),,19.3223,-99.1856,macroseismic,Stations_USGS,,0.206029,0.431126,,0.390406,0.8059,1.0131,,1.0822,,,,,,,,,,,,,393.42,6.9,0.3,0.875,24.4685,1.4737,0.077213,inferred
UTM:(14Q 0479 2138 1000),,19.3404,-99.1952,macroseismic,Stations_USGS,,0.205047,0.430045,,0.39155,0.8059,1.0131,,1.0822,,,,,,,,,,,,,406.55,6.9,0.3,0.875,24.4685,1.4737,0.077466,inferred
UTM:(14Q 0481 2141 1000),,19.3675,-99.1762,macroseismic,Stations_USGS,,0.204679,0.429639,,0.391982,0.8059,1.0131,,1.0822,,,,,,,,,,,,,300.16,6.9,0.3,0.875,24.4685,1.4737,0.077562,inferred
UTM:(14Q 0481 2142 1000),,19.3765,-99.1762,macroseismic,Stations_USGS,,0.204346,0.429271,,0.392373,0.8059,1.0131,,1.0822,,,,,,,,,,,,,292.68,6.9,0.3,0.875,24.4685,1.4737,0.077649,inferred
UTM:(14Q 0482 2145 1000),,19.4036,-99.1667,macroseismic,Stations_USGS,,0.203634,0.428484,,0.393214,0.8059,1.0131,,1.0822,,,,,,,,,,,,,269.13,6.9,0.3,0.875,24.4685,1.4737,0.077835,inferred
UTM:(14Q 0485 2148 1000),,19.4308,-99.1381,macroseismic,Stations_USGS,,0.203447,0.428277,,0.393435,0.8059,1.0131,,1.0822,,,,,,,,,,,,,198.7,6.9,0.3,0.875,24.4685,1.4737,0.077884,inferred
UTM:(14Q 0473 2138 1000),,19.3403,-99.2523,macroseismic,Stations_USGS,,0.203139,0.427936,,0.3938,0.8059,1.0131,,1.0822,,,,,,,,,,,,,459.21,6.9,0.3,0.875,24.4685,1.4737,0.077966,inferred
UTM:(14Q 0483 2151 1000),,19.4579,-99.1572,macroseismic,Stations_USGS,,0.201883,0.426543,,0.3953,0.8059,1.0131,,1.0822,,,,,,,,,,,,,222.99,6.9,0.3,0.875,24.4685,1.4737,0.078298,inferred
UTM:(14Q 0481 2150 1000),,19.4488,-99.1762,macroseismic,Stations_USGS,,0.201687,0.426325,,0.395536,0.8059,1.0131,,1.0822,,,,,,,,,,,,,243.79,6.9,0.3,0.875,24.4685,1.4737,0.078351,inferred
UTM:(14Q 0481 2138 1000),,19.3404,-99.1761,macroseismic,Stations_USGS,,0.193275,0.407444,,0.360976,0.8059,1.0131,,1.0822,,,,,,,,,,,,,310.3,6.8,0.3,0.875,22.749,1.4737,0.071609,inferred
UTM:(14Q 0483 2148 1000),,19.4308,-99.1572,macroseismic,Stations_USGS,,0.190655,0.404532,,0.364008,0.8059,1.0131,,1.0822,,,,,,,,,,,,,233.67,6.8,0.3,0.875,22.749,1.4737,0.072283,inferred
UTM:(14Q 0473 2142 1000),,19.3764,-99.2523,macroseismic,Stations_USGS,,0.189749,0.403519,,0.365073,0.8059,1.0131,,1.0822,,,,,,,,,,,,,473.55,6.8,0.3,0.875,22.749,1.4737,0.07252,inferred
UTM:(14Q 0477 2149 1000),,19.4397,-99.2143,macroseismic,Stations_USGS,,0.188797,0.402454,,0.366199,0.8059,1.0131,,1.0822,,,,,,,,,,,,,375.84,6.8,0.3,0.875,22.749,1.4737,0.072771,inferred
UTM:(14Q 0583 2101 1000),,19.0044,-98.2066,macroseismic,Stations_USGS,,0.186437,0.373255,,0.259372,0.8059,1.0131,,1.0822,,,,,,,,,,,,,257.63,6.5,0.3,0.875,18.2821,1.4737,0.051327,inferred
UTM:(14Q 0481 2136 1000),,19.3223,-99.1761,macroseismic,Stations_USGS,,0.182205,0.38606,,0.33276,0.8059,1.0131,,1.0822,,,,,,,,,,,,,359.06,6.7,0.3,0.875,21.1503,1.4737,0.066187,inferred
UTM:(14Q 0482 2139 1000),,19.3494,-99.1666,macroseismic,Stations_USGS,,0.181595,0.385381,,0.333444,0.8059,1.0131,,1.0822,,,,,,,,,,,,,274.07,6.7,0.3,0.875,21.1503,1.4737,0.06634,inferred
UTM:(14Q 0482 2142 1000),,19.3765,-99.1666,macroseismic,Stations_USGS,,0.180699,0.38438,,0.334456,0.8059,1.0131,,1.0822,,,,,,,,,,,,,281.4,6.7,0.3,0.875,21.1503,1.4737,0.066565,inferred
UTM:(14Q 0483 2143 1000),,19.3856,-99.1571,macroseismic,Stations_USGS,,0.180659,0.384335,,0.334502,0.8059,1.0131,,1.0822,,,,,,,,,,,,,271.05,6.7,0.3,0.875,21.1503,1.4737,0.066576,inferred
UTM:(14Q 0483 2144 1000),,19.3946,-99.1571,macroseismic,Stations_USGS,,0.180359,0.383999,,0.334843,0.8059,1.0131,,1.0822,,,,,,,,,,,,,261.29,6.7,0.3,0.875,21.1503,1.4737,0.066652,inferred
UTM:(14Q 0482 2144 1000),,19.3946,-99.1667,macroseismic,Stations_USGS,,0.180099,0.383708,,0.335139,0.8059,1.0131,,1.0822,,,,,,,,,,,,,287.34,6.7,0.3,0.875,21.1503,1.4737,0.066718,inferred
UTM:(14Q 0480 2143 1000),,19.3856,-99.1857,macroseismic,Stations_USGS,,0.179874,0.383456,,0.335396,0.8059,1.0131,,1.0822,,,,,,,,,,,,,325.69,6.7,0.3,0.875,21.1503,1.4737,0.066775,inferred
UTM:(14Q 0475 2091 1000),,18.9156,-99.2327,macroseismic,Stations_USGS,,0.179571,0.374443,,0.298509,0.8059,1.0131,,1.0822,,,,,,,,,,,,,441.2,6.6,0.3,0.875,19.664,1.4737,0.059337,inferred
UTM:(14Q 0483 2150 1000),,19.4488,-99.1572,macroseismic,Stations_USGS,,0.178557,0.381978,,0.33691,0.8059,1.0131,,1.0822,,,,,,,,,,,,,234.91,6.7,0.3,0.875,21.1503,1.4737,0.067113,inferred
UTM:(14Q 0443 2028 1000),,18.3455,-99.5348,macroseismic,Stations_USGS,,0.17731,0.380572,,0.338361,0.8059,1.0131,,1.0822,,,,,,,,,,,,,462.83,6.7,0.3,0.875,21.1503,1.4737,0.067437,inferred
UTM:(14Q 0486 2142 1000),,19.3766,-99.1286,macroseismic,Stations_USGS,,0.170781,0.364692,,0.307835,0.8059,1.0131,,1.0822,,,,,,,,,,,,,189.04,6.6,0.3,0.875,19.664,1.4737,0.061419,inferred
UTM:(14Q 0478 2138 1000),,19.3403,-99.2047,macroseismic,Stations_USGS,,0.169867,0.363664,,0.30885,0.8059,1.0131,,1.0822,,,,,,,,,,,,,442.02,6.6,0.3,0.875,19.664,1.4737,0.061646,inferred
UTM:(14Q 0484 2145 1000),,19.4037,-99.1476,macroseismic,Stations_USGS,,0.169429,0.363171,,0.309338,0.8059,1.0131,,1.0822,,,,,,,,,,,,,221.17,6.6,0.3,0.875,19.664,1.4737,0.061755,inferred
UTM:(14Q 0481 2143 1000),,19.3856,-99.1762,macroseismic,Stations_USGS,,0.169267,0.362988,,0.30952,0.8059,1.0131,,1.0822,,,,,,,,,,,,,293.18,6.6,0.3,0.875,19.664,1.4737,0.061796,inferred
UTM:(14Q 0481 2144 1000),,19.3946,-99.1762,macroseismic,Stations_USGS,,0.168991,0.362677,,0.309829,0.8059,1.0131,,1.0822,,,,,,,,,,,,,296.45,6.6,0.3,0.875,19.664,1.4737,0.061865,inferred
UTM:(14Q 0480 2144 1000),,19.3946,-99.1857,macroseismic,Stations_USGS,,0.168749,0.362404,,0.310102,0.8059,1.0131,,1.0822,,,,,,,,,,,,,359.73,6.6,0.3,0.875,19.664,1.4737,0.061926,inferred
UTM:(14Q 0483 2147 1000),,19.4217,-99.1572,macroseismic,Stations_USGS,,0.168627,0.362266,,0.310239,0.8059,1.0131,,1.0822,,,,,,,,,,,,,236.25,6.6,0.3,0.875,19.664,1.4737,0.061957,inferred
UTM:(14Q 0471 2140 1000),,19.3583,-99.2714,macroseismic,Stations_USGS,,0.167527,0.361022,,0.311486,0.8059,1.0131,,1.0822,,,,,,,,,,,,,522.03,6.6,0.3,0.875,19.664,1.4737,0.062236,inferred
UTM:(14Q 0575 2106 1000),,19.0499,-98.2825,macroseismic,Stations_USGS,,0.163587,0.33286,,0.222142,0.8059,1.0131,,1.0822,,,,,,,,,,,,,249.61,6.3,0.3,0.875,15.8028,1.4737,0.044236,inferred
UTM:(14Q 0584 2105 1000),,19.0405,-98.197,macroseismic,Stations_USGS,,0.162619,0.331823,,0.222951,0.8059,1.0131,,1.0822,,,,,,,,,,,,,311.16,6.3,0.3,0.875,15.8028,1.4737,0.044417,inferred
UTM:(14Q 0484 2133 1000),,19.2952,-99.1475,macroseismic,Stations_USGS,,0.162455,0.347191,,0.282211,0.8059,1.0131,,1.0822,,,,,,,,,,,,,297.15,6.5,0.3,0.875,18.2821,1.4737,0.056419,inferred
UTM:(14Q 0483 2137 1000),,19.3314,-99.1571,macroseismic,Stations_USGS,,0.161118,0.345686,,0.283644,0.8059,1.0131,,1.0822,,,,,,,,,,,,,319.05,6.5,0.3,0.875,18.2821,1.4737,0.05674,inferred
UTM:(14Q 0485 2140 1000),,19.3585,-99.1381,macroseismic,Stations_USGS,,0.160794,0.34532,,0.283995,0.8059,1.0131,,1.0822,,,,,,,,,,,,,234.58,6.5,0.3,0.875,18.2821,1.4737,0.056819,inferred
UTM:(14Q 0480 2148 1000),,19.4307,-99.1857,macroseismic,Stations_USGS,,0.157543,0.341633,,0.287572,0.8059,1.0131,,1.0822,,,,,,,,,,,,,280.77,6.5,0.3,0.875,18.2821,1.4737,0.057621,inferred
UTM:(14Q 0481 2149 1000),,19.4398,-99.1762,macroseismic,Stations_USGS,,0.157499,0.341582,,0.287621,0.8059,1.0131,,1.0822,,,,,,,,,,,,,262.8,6.5,0.3,0.875,18.2821,1.4737,0.057632,inferred
UTM:(14Q 0472 2141 1000),,19.3674,-99.2619,macroseismic,Stations_USGS,,0.157427,0.3415,,0.287702,0.8059,1.0131,,1.0822,,,,,,,,,,,,,479.69,6.5,0.3,0.875,18.2821,1.4737,0.05765,inferred
UTM:(14Q 0478 2148 1000),,19.4307,-99.2048,macroseismic,Stations_USGS,,0.157108,0.341135,,0.28806,0.8059,1.0131,,1.0822,,,,,,,,,,,,,382.07,6.5,0.3,0.875,18.2821,1.4737,0.057731,inferred
UTM:(14Q 0470 2148 1000),,19.4306,-99.281,macroseismic,Stations_USGS,,0.155356,0.33913,,0.290047,0.8059,1.0131,,1.0822,,,,,,,,,,,,,414.98,6.5,0.3,0.875,18.2821,1.4737,0.058177,inferred
UTM:(14Q 0489 2135 1000),,19.3133,-99.0999,macroseismic,Stations_USGS,,0.153341,0.329185,,0.259953,0.8059,1.0131,,1.0822,,,,,,,,,,,,,281.0,6.4,0.3,0.875,16.9973,1.4737,0.052103,inferred
UTM:(14Q 0581 2106 1000),,19.0496,-98.2254,macroseismic,Stations_USGS,,0.152824,0.31389,,0.20592,0.8059,1.0131,,1.0822,,,,,,,,,,,,,394.04,6.2,0.3,0.875,14.6923,1.4737,0.041143,inferred
UTM:(14Q 0482 2133 1000),,19.2952,-99.1666,macroseismic,Stations_USGS,,0.152156,0.327845,,0.261192,0.8059,1.0131,,1.0822,,,,,,,,,,,,,366.55,6.4,0.3,0.875,16.9973,1.4737,0.052381,inferred
UTM:(14Q 0436 2128 1000),,19.2491,-99.6042,macroseismic,Stations_USGS,,0.150904,0.333986,,0.295262,0.8059,1.0131,,1.0822,,,,,,,,,,,,,307.38,6.5,0.3,0.875,18.2821,1.4737,0.059351,inferred
UTM:(14Q 0492 2149 1000),,19.4399,-99.0714,macroseismic,Stations_USGS,,0.150148,0.325563,,0.263328,0.8059,1.0131,,1.0822,,,,,,,,,,,,,229.11,6.4,0.3,0.875,16.9973,1.4737,0.052861,inferred
UTM:(14Q 0480 2142 1000),,19.3765,-99.1857,macroseismic,Stations_USGS,,0.149484,0.324805,,0.264044,0.8059,1.0131,,1.0822,,,,,,,,,,,,,319.62,6.4,0.3,0.875,16.9973,1.4737,0.053023,inferred
UTM:(14Q 0484 2146 1000),,19.4127,-99.1476,macroseismic,Stations_USGS,,0.149349,0.324652,,0.26419,0.8059,1.0131,,1.0822,,,,,,,,,,,,,218.5,6.4,0.3,0.875,16.9973,1.4737,0.053055,inferred
UTM:(14Q 0486 2148 1000),,19.4308,-99.1286,macroseismic,Stations_USGS,,0.149244,0.324532,,0.264304,0.8059,1.0131,,1.0822,,,,,,,,,,,,,237.57,6.4,0.3,0.875,16.9973,1.4737,0.053081,inferred
UTM:(14Q 0481 2146 1000),,19.4127,-99.1762,macroseismic,Stations_USGS,,0.148725,0.323938,,0.264868,0.8059,1.0131,,1.0822,,,,,,,,,,,,,262.64,6.4,0.3,0.875,16.9973,1.4737,0.053208,inferred
UTM:(14Q 0481 2147 1000),,19.4217,-99.1762,macroseismic,Stations_USGS,,0.148483,0.323661,,0.265133,0.8059,1.0131,,1.0822,,,,,,,,,,,,,278.34,6.4,0.3,0.875,16.9973,1.4737,0.053268,inferred
UTM:(14Q 0582 2108 1000),,19.0677,-98.2158,macroseismic,Stations_USGS,,0.142659,0.29588,,0.190973,0.8059,1.0131,,1.0822,,,,,,,,,,,,,288.43,6.1,0.3,0.875,13.6598,1.4737,0.038286,inferred
UTM:(14Q 0483 2138 1000),,19.3404,-99.1571,macroseismic,Stations_USGS,,0.142027,0.309026,,0.242241,0.8059,1.0131,,1.0822,,,,,,,,,,,,,267.97,6.3,0.3,0.875,15.8028,1.4737,0.048746,inferred
UTM:(14Q 0481 2137 1000),,19.3313,-99.1761,macroseismic,Stations_USGS,,0.141824,0.308794,,0.242454,0.8059,1.0131,,1.0822,,,,,,,,,,,,,323.62,6.3,0.3,0.875,15.8028,1.4737,0.048794,inferred
UTM:(14Q 0489 2148 1000),,19.4308,-99.1,macroseismic,Stations_USGS,,0.140798,0.307617,,0.243536,0.8059,1.0131,,1.0822,,,,,,,,,,,,,189.03,6.3,0.3,0.875,15.8028,1.4737,0.049038,inferred
UTM:(14Q 0480 2141 1000),,19.3675,-99.1857,macroseismic,Stations_USGS,,0.140691,0.307494,,0.243649,0.8059,1.0131,,1.0822,,,,,,,,,,,,,349.63,6.3,0.3,0.875,15.8028,1.4737,0.049063,inferred
UTM:(14Q 0485 2152 1000),,19.4669,-99.1382,macroseismic,Stations_USGS,,0.139101,0.305662,,0.245352,0.8059,1.0131,,1.0822,,,,,,,,,,,,,215.97,6.3,0.3,0.875,15.8028,1.4737,0.049448,inferred
UTM:(14Q 0472 2142 1000),,19.3764,-99.2619,macroseismic,Stations_USGS,,0.138799,0.305313,,0.24568,0.8059,1.0131,,1.0822,,,,,,,,,,,,,507.61,6.3,0.3,0.875,15.8028,1.4737,0.049522,inferred
UTM:(14Q 0478 2149 1000),,19.4398,-99.2048,macroseismic,Stations_USGS,,0.138499,0.304966,,0.246005,0.8059,1.0131,,1.0822,,,,,,,,,,,,,361.95,6.3,0.3,0.875,15.8028,1.4737,0.049595,inferred
UTM:(14Q 0481 2156 1000),,19.503,-99.1763,macroseismic,Stations_USGS,,0.137483,0.303788,,0.247118,0.8059,1.0131,,1.0822,,,,,,,,,,,,,228.76,6.3,0.3,0.875,15.8028,1.4737,0.049847,inferred
UTM:(14Q 0578 2103 1000),,19.0226,-98.2541,macroseismic,Stations_USGS,,0.136482,0.282529,,0.174464,0.8059,1.0131,,1.0822,,,,,,,,,,,,,277.49,6.0,0.3,0.875,12.6998,1.4737,0.035031,inferred
UTM:(14Q 0475 2156 1000),,19.503,-99.2335,macroseismic,Stations_USGS,,0.136444,0.302579,,0.24827,0.8059,1.0131,,1.0822,,,,,,,,,,,,,415.16,6.3,0.3,0.875,15.8028,1.4737,0.050107,inferred
UTM:(14Q 0483 2134 1000),,19.3042,-99.1571,macroseismic,Stations_USGS,,0.134347,0.293329,,0.222843,0.8059,1.0131,,1.0822,,,,,,,,,,,,,351.12,6.2,0.3,0.875,14.6923,1.4737,0.044951,inferred
UTM:(14Q 0488 2142 1000),,19.3766,-99.1095,macroseismic,Stations_USGS,,0.13353,0.292391,,0.223677,0.8059,1.0131,,1.0822,,,,,,,,,,,,,214.31,6.2,0.3,0.875,14.6923,1.4737,0.045139,inferred
UTM:(14Q 0482 2137 1000),,19.3313,-99.1666,macroseismic,Stations_USGS,,0.133475,0.292327,,0.223734,0.8059,1.0131,,1.0822,,,,,,,,,,,,,318.49,6.2,0.3,0.875,14.6923,1.4737,0.045152,inferred
UTM:(14Q 0475 2132 1000),,19.2861,-99.2332,macroseismic,Stations_USGS,,0.133012,0.291794,,0.224211,0.8059,1.0131,,1.0822,,,,,,,,,,,,,545.32,6.2,0.3,0.875,14.6923,1.4737,0.04526,inferred
UTM:(14Q 0478 2145 1000),,19.4036,-99.2048,macroseismic,Stations_USGS,,0.130974,0.289435,,0.226343,0.8059,1.0131,,1.0822,,,,,,,,,,,,,433.07,6.2,0.3,0.875,14.6923,1.4737,0.045742,inferred
UTM:(14Q 0481 2148 1000),,19.4307,-99.1762,macroseismic,Stations_USGS,,0.130892,0.28934,,0.22643,0.8059,1.0131,,1.0822,,,,,,,,,,,,,276.71,6.2,0.3,0.875,14.6923,1.4737,0.045762,inferred
UTM:(14Q 0478 2160 1000),,19.5392,-99.2049,macroseismic,Stations_USGS,,0.127888,0.285829,,0.229675,0.8059,1.0131,,1.0822,,,,,,,,,,,,,290.53,6.2,0.3,0.875,14.6923,1.4737,0.046498,inferred
UTM:(14Q 0584 2103 1000),,19.0224,-98.1971,macroseismic,Stations_USGS,,0.1275,0.266425,,0.161726,0.8059,1.0131,,1.0822,,,,,,,,,,,,,309.62,5.9,0.3,0.875,11.8073,1.4737,0.032582,inferred
UTM:(14Q 0480 2137 1000),,19.3313,-99.1856,macroseismic,Stations_USGS,,0.125031,0.27606,,0.207052,0.8059,1.0131,,1.0822,,,,,,,,,,,,,367.31,6.1,0.3,0.875,13.6598,1.4737,0.041916,inferred
UTM:(14Q 0481 2140 1000),,19.3585,-99.1761,macroseismic,Stations_USGS,,0.124615,0.275576,,0.207476,0.8059,1.0131,,1.0822,,,,,,,,,,,,,296.19,6.1,0.3,0.875,13.6598,1.4737,0.042013,inferred
UTM:(14Q 0439 2138 1000),,19.3395,-99.576,macroseismic,Stations_USGS,,0.124597,0.281939,,0.233374,0.8059,1.0131,,1.0822,,,,,,,,,,,,,239.98,6.2,0.3,0.875,14.6923,1.4737,0.047338,inferred
UTM:(14Q 0477 2137 1000),,19.3313,-99.2142,macroseismic,Stations_USGS,,0.124443,0.275376,,0.207652,0.8059,1.0131,,1.0822,,,,,,,,,,,,,465.52,6.1,0.3,0.875,13.6598,1.4737,0.042053,inferred
UTM:(14Q 0482 2150 1000),,19.4488,-99.1667,macroseismic,Stations_USGS,,0.122755,0.273406,,0.209397,0.8059,1.0131,,1.0822,,,,,,,,,,,,,243.58,6.1,0.3,0.875,13.6598,1.4737,0.042449,inferred
UTM:(14Q 0484 2152 1000),,19.4669,-99.1477,macroseismic,Stations_USGS,,0.122665,0.273301,,0.209491,0.8059,1.0131,,1.0822,,,,,,,,,,,,,215.08,6.1,0.3,0.875,13.6598,1.4737,0.04247,inferred
UTM:(14Q 0473 2143 1000),,19.3855,-99.2524,macroseismic,Stations_USGS,,0.122554,0.273171,,0.209607,0.8059,1.0131,,1.0822,,,,,,,,,,,,,460.43,6.1,0.3,0.875,13.6598,1.4737,0.042497,inferred
UTM:(14Q 0476 2159 1000),,19.5301,-99.224,macroseismic,Stations_USGS,,0.120068,0.270243,,0.212257,0.8059,1.0131,,1.0822,,,,,,,,,,,,,275.12,6.1,0.3,0.875,13.6598,1.4737,0.043099,inferred
UTM:(14Q 0480 2138 1000),,19.3404,-99.1856,macroseismic,Stations_USGS,,0.117298,0.260903,,0.191437,0.8059,1.0131,,1.0822,,,,,,,,,,,,,359.73,6.0,0.3,0.875,12.6998,1.4737,0.038873,inferred
UTM:(14Q 0479 2149 1000),,19.4398,-99.1953,macroseismic,Stations_USGS,,0.115069,0.258285,,0.193701,0.8059,1.0131,,1.0822,,,,,,,,,,,,,278.55,6.0,0.3,0.875,12.6998,1.4737,0.039388,inferred
PPIG,PPIG,19.06705,-98.628147,seismic,Stations_USGS,,0.114801,,,0.099439,0.0,,,0.0,,,,,,,,,,,,,668.09,6.0,0.63,0.0,12.96,,,inferred
TLIG,TLIG,17.562675,-98.56647,seismic,Stations_USGS,,0.112844,,,0.022977,0.0,,,0.0,,,,,,,,,,,,,881.2,4.4,0.63,0.0,3.9,,,inferred
UTM:(14Q 0472 2157 1000),,19.512,-99.2621,macroseismic,Stations_USGS,,0.112602,0.255359,,0.196292,0.8059,1.0131,,1.0822,,,,,,,,,,,,,393.11,6.0,0.3,0.875,12.6998,1.4737,0.039979,inferred
UTM:(14Q 0476 2134 1000),,19.3042,-99.2237,macroseismic,Stations_USGS,,0.110209,0.246775,,0.176836,0.8059,1.0131,,1.0822,,,,,,,,,,,,,468.52,5.9,0.3,0.875,11.8073,1.4737,0.036012,inferred
UTM:(14Q 0479 2146 1000),,19.4127,-99.1953,macroseismic,Stations_USGS,,0.108648,0.244931,,0.178389,0.8059,1.0131,,1.0822,,,,,,,,,,,,,391.62,5.9,0.3,0.875,11.8073,1.4737,0.036367,inferred
UTM:(14Q 0479 2148 1000),,19.4307,-99.1953,macroseismic,Stations_USGS,,0.108302,0.24452,,0.178739,0.8059,1.0131,,1.0822,,,,,,,,,,,,,281.18,5.9,0.3,0.875,11.8073,1.4737,0.036447,inferred
UTM:(14Q 0475 2098 1000),,18.9788,-99.2327,macroseismic,Stations_USGS,,0.101887,0.226195,,0.146681,0.8059,1.0131,,1.0822,,,,,,,,,,,,,547.26,5.7,0.3,0.875,10.2061,1.4737,0.029943,inferred
UTM:(14Q 0475 2159 1000),,19.5301,-99.2335,macroseismic,Stations_USGS,,0.099497,0.228565,,0.167395,0.8059,1.0131,,1.0822,,,,,,,,,,,,,372.08,5.8,0.3,0.875,10.9776,1.4737,0.03429,inferred
UTM:(14Q 0470 2141 1000),,19.3674,-99.2809,macroseismic,Stations_USGS,,0.095399,0.218504,,0.152718,0.8059,1.0131,,1.0822,,,,,,,,,,,,,486.26,5.7,0.3,0.875,10.2061,1.4737,0.031328,inferred
UTM:(14Q 0472 2154 1000),,19.4849,-99.262,macroseismic,Stations_USGS,,0.093848,0.21663,,0.154259,0.8059,1.0131,,1.0822,,,,,,,,,,,,,538.8,5.7,0.3,0.875,10.2061,1.4737,0.031682,inferred
UTM:(14Q 0477 2172 1000),,19.6476,-99.2146,macroseismic,Stations_USGS,,0.086303,0.202599,,0.144382,0.8059,1.0131,,1.0822,,,,,,,,,,,,,299.6,5.6,0.3,0.875,9.4889,1.4737,0.029787,inferred
UTM:(14Q 0479 2150 1000),,19.4488,-99.1953,macroseismic,Stations_USGS,,0.084165,0.195417,,0.13036,0.8059,1.0131,,1.0822,,,,,,,,,,,,,273.44,5.5,0.3,0.875,8.8221,1.4737,0.026899,inferred
UTM:(14Q 0476 2166 1000),,19.5934,-99.2241,macroseismic,Stations_USGS,,0.08176,0.192462,,0.132696,0.8059,1.0131,,1.0822,,,,,,,,,,,,,258.77,5.5,0.3,0.875,8.8221,1.4737,0.02744,inferred
UTM:(14Q 0431 2132 1000),,19.2851,-99.6519,macroseismic,Stations_USGS,,0.08006,0.190347,,0.134417,0.8059,1.0131,,1.0822,,,,,,,,,,,,,319.16,5.5,0.3,0.875,8.8221,1.4737,0.027839,inferred
UTM:(14Q 0469 2140 1000),,19.3583,-99.2904,macroseismic,Stations_USGS,,0.079145,0.184916,,0.120355,0.8059,1.0131,,1.0822,,,,,,,,,,,,,470.17,5.4,0.3,0.875,8.2021,1.4737,0.024905,inferred
UTM:(14Q 0476 2153 1000),,19.4759,-99.2239,macroseismic,Stations_USGS,,0.078397,0.183996,,0.121057,0.8059,1.0131,,1.0822,,,,,,,,,,,,,303.35,5.4,0.3,0.875,8.2021,1.4737,0.025068,inferred
UTM:(14Q 0477 2161 1000),,19.5482,-99.2145,macroseismic,Stations_USGS,,0.077518,0.182909,,0.121897,0.8059,1.0131,,1.0822,,,,,,,,,,,,,477.83,5.4,0.3,0.875,8.2021,1.4737,0.025263,inferred
MEIG,MEIG,17.924894,-99.619725,seismic,Stations_USGS,,0.076035,,,0.013945,0.0,,,0.0,,,,,,,,,,,,,525.18,4.0,0.63,0.0,2.42,,,inferred
UTM:(14Q 0478 2147 1000),,19.4217,-99.2048,macroseismic,Stations_USGS,,0.074569,0.175159,,0.110986,0.8059,1.0131,,1.0822,,,,,,,,,,,,,411.51,5.3,0.3,0.875,7.6257,1.4737,0.023028,inferred
TPIG,TPIG,18.42023,-97.361969,seismic,Stations_USGS,,0.072722,,,0.04317,0.0,,,0.0,,,,,,,,,,,,,418.97,5.3,0.63,0.0,7.41,,,inferred
UTM:(15Q 0196 2003 1000),,18.099,-95.8675,macroseismic,Stations_USGS,,0.072099,0.184323,,0.161206,0.8059,1.0131,,1.0822,,,,,,,,,,,,,210.2,5.6,0.3,0.875,9.4889,1.4737,0.033704,inferred
UTM:(14Q 0474 2170 1000),,19.6295,-99.2432,macroseismic,Stations_USGS,,0.067273,0.158682,,0.105107,0.8059,1.0131,,1.0822,,,,,,,,,,,,,428.28,5.2,0.3,0.875,7.0898,1.4737,0.021938,inferred
UTM:(14Q 0804 2115 1000),,19.1098,-96.1059,macroseismic,Stations_USGS,,0.065379,0.167243,,0.135309,0.8059,1.0131,,1.0822,,,,,,,,,,,,,231.65,5.4,0.3,0.875,8.2021,1.4737,0.028398,inferred
UTM:(14Q 0583 2105 1000),,19.0405,-98.2065,macroseismic,Stations_USGS,,0.064002,0.118902,,0.067718,0.8059,1.0131,,1.0822,,,,,,,,,,,,,334.22,4.8,0.3,0.875,5.2973,1.4737,0.01409,inferred
UTM:(14Q 0742 1887 1000),,17.059,-96.7216,macroseismic,Stations_USGS,,0.057795,0.130495,,0.115359,0.8059,1.0131,,1.0822,,,,,,,,,,,,,375.33,5.2,0.3,0.875,7.0898,1.4737,0.02435,inferred
UTM:(14Q 0477 2138 1000),,19.3403,-99.2142,macroseismic,Stations_USGS,,0.055328,0.098569,,0.074041,0.8059,1.0131,,1.0822,,,,,,,,,,,,,497.67,4.8,0.3,0.875,5.2973,1.4737,0.015573,inferred
UTM:(14Q 0480 2135 1000),,19.3133,-99.1856,macroseismic,Stations_USGS,,0.052484,0.087067,,0.067994,0.8059,1.0131,,1.0822,,,,,,,,,,,,,357.23,4.7,0.3,0.875,4.925,1.4737,0.014332,inferred
UTM:(14Q 0742 1888 1000),,17.0681,-96.7215,macroseismic,Stations_USGS,,0.047989,0.086797,,0.090866,0.8059,1.0131,,1.0822,,,,,,,,,,,,,451.5,4.9,0.3,0.875,5.6977,1.4737,0.019347,inferred
UTM:(14Q 0480 2147 1000),,19.4217,-99.1857,macroseismic,Stations_USGS,,0.045453,0.064667,,0.058703,0.8059,1.0131,,1.0822,,,,,,,,,,,,,293.64,4.5,0.3,0.875,4.2571,1.4737,0.012464,inferred
UTM:(14Q 0477 2148 1000),,19.4307,-99.2143,macroseismic,Stations_USGS,,0.03166,0.037219,,0.040176,0.8059,1.0131,,1.0822,,,,,,,,,,,,,393.25,4.1,0.3,0.875,2.9842,1.4737,0.008177,inferred
UTM:(14Q 0269 2180 1000),,19.7065,-101.199,macroseismic,Stations_USGS,,0.031541,0.046488,,0.068688,0.8059,1.0131,,1.0822,,,,,,,,,,,,,760.0,4.5,0.3,0.875,4.2571,1.4737,0.014863,inferred
UTM:(14Q 0486 2157 1000),,19.5121,-99.1287,macroseismic,Stations_USGS,,0.031422,0.037068,,0.040326,0.8059,1.0131,,1.0822,,,,,,,,,,,,,482.44,4.1,0.3,0.875,2.9842,1.4737,0.008223,inferred
UTM:(15Q 0297 1985 1000),,17.9482,-94.912,macroseismic,Stations_USGS,,0.01741,0.026956,,0.049997,0.8059,1.0131,,1.0822,,,,,,,,,,,,,760.0,4.1,0.3,0.875,2.9842,1.4737,0.010945,inferred
CAIG,CAIG,17.0485,-100.267265,seismic,Stations_USGS,,0.008226,,,0.004077,0.0,,,0.0,,,,,,,,,,,,,328.43,2.8,0.63,0.0,0.42,,,inferred
ZIIG,ZIIG,17.60695,-101.464922,seismic,Stations_USGS,,0.004271,,,0.002263,0.0,,,0.0,,,,,,,,,,,,,760.0,3.0,0.63,0.0,0.5,,,inferred
CMIG,CMIG,17.090988,-94.8838,seismic,Stations_USGS,,0.003048,,,0.005056,0.0,,,0.0,,,,,,,,,,,,,760.0,2.7,0.63,0.0,0.35,,,inferred
DHIG,DHIG,20.300361,-99.035492,seismic,Stations_USGS,,0.002783,,,0.005708,0.0,,,0.0,,,,,,,,,,,,,510.82,3.3,0.63,0.0,0.8,,,inferred
MMIG,MMIG,18.28854,-103.34554,seismic,Stations_USGS,,0.002181,,,0.001509,0.0,,,0.0,,,,,,,,,,,,,760.0,2.7,0.63,0.0,0.34,,,inferred
TUIG,TUIG,18.033694,-94.422503,seismic,Stations_USGS,,0.00211,,,0.002956,0.0,,,0.0,,,,,,,,,,,,,760.0,2.7,0.63,0.0,0.33,,,inferred
UTM:(14Q 0742 1889 1000),,17.0771,-96.7214,macroseismic,Stations_USGS,,,,,,,,,,,,,,,,,,,,,,459.63,2.9,0.3,,,,,inferred
UTM:(14P 0777 1762 1000),,15.9262,-96.408,macroseismic,Stations_USGS,,,,,,,,,,,,,,,,,,,,,,760.0,2.2,0.3,,,,,inferred
UTM:(15Q 0348 2006 1000),,18.1421,-94.4321,macroseismic,Stations_USGS,,,,,,,,,,,,,,,,,,,,,,760.0,3.1,0.3,,,,,inferred
UTM:(13Q 0668 2287 1000),,20.6793,-103.3823,macroseismic,Stations_USGS,,,,,,,,,,,,,,,,,,,,,,760.0,2.0,0.3,,,,,inferred
UTM:(14Q 0358 2277 1000),,20.5912,-100.3577,macroseismic,Stations_USGS,,,,,,,,,,,,,,,,,,,,,,468.62,3.2,0.3,,,,,inferred
UTM:(14Q 0350 2286 1000),,20.6719,-100.4353,macroseismic,Stations_USGS,,,,,,,,,,,,,,,,,,,,,,434.91,3.6,0.3,,,,,inferred
UTM:(14Q 0618 2458 1000),,22.2279,-97.8502,macroseismic,Stations_USGS,,,,,,,,,,,,,,,,,,,,,,760.0,2.0,0.3,,,,,inferred
